candidate,candidate_source,hypothesis,trial_index,run_id,benchmark,options,returncode,success,timed_out,error,fault_coverage,test_patterns,test_patterns_before_compaction,test_patterns_after_compaction,collapsed_faults,redundant_faults,aborted_faults,backtrackings,runtime_seconds,fault_ordering_mode,fault_history_profile,fault_trace_attempts,generated_patterns_traced,faults_dropped_per_generated_pattern_mean,extra_drops_per_generated_pattern_mean,max_pattern_extra_drops,adaptive_compaction_enabled,adaptive_shuffle_limit,adaptive_compaction_stopped_early,adaptive_compaction_min_benefit,score,raw_score,passes_constraints,constraint_reason,run_dir,fault_trace_path,pattern_trace_path,drop_trace_path
history_ordering,fault_to_fault_learning,Use an offline fault-to-fault profile to prioritize high-value faults and adapt per-fault backtrack budgets.,1,20260616-114353_candidate_history_ordering_trial1_pcitc_24def5a5,pcitc.bench,"[""-O"", ""history"", ""-F"", ""/Users/huilingzhen/Desktop/0002-personal-projects/agent/atpg-based/Atalanta-Agent/results/profiles/pcitc_fault_profile.json""]",0,True,False,,99.826,5947,6024,5947,75768,128,4,51,10.267,history,pcitc_fault_profile.json,6156,6024,12.555776892430279,11.555776892430279,17505,True,1,True,1.0,39.329299999999996,39.329299999999996,True,,/Users/huilingzhen/Desktop/0002-personal-projects/agent/atpg-based/Atalanta-Agent/results/runs/20260616-114353_candidate_history_ordering_trial1_pcitc_24def5a5,/Users/huilingzhen/Desktop/0002-personal-projects/agent/atpg-based/Atalanta-Agent/results/runs/20260616-114353_candidate_history_ordering_trial1_pcitc_24def5a5/pcitc.test.faulttrace.csv,/Users/huilingzhen/Desktop/0002-personal-projects/agent/atpg-based/Atalanta-Agent/results/runs/20260616-114353_candidate_history_ordering_trial1_pcitc_24def5a5/pcitc.test.patterntrace.csv,/Users/huilingzhen/Desktop/0002-personal-projects/agent/atpg-based/Atalanta-Agent/results/runs/20260616-114353_candidate_history_ordering_trial1_pcitc_24def5a5/pcitc.test.droptrace.csv
history_ordering,fault_to_fault_learning,Use an offline fault-to-fault profile to prioritize high-value faults and adapt per-fault backtrack budgets.,2,20260616-114400_candidate_history_ordering_trial2_pcitc_8b6a3dbe,pcitc.bench,"[""-O"", ""history"", ""-F"", ""/Users/huilingzhen/Desktop/0002-personal-projects/agent/atpg-based/Atalanta-Agent/results/profiles/pcitc_fault_profile.json""]",0,True,False,,99.826,5946,6024,5946,75768,128,4,51,10.4,history,pcitc_fault_profile.json,6156,6024,12.555776892430279,11.555776892430279,17505,True,1,True,1.0,39.32599999999999,39.32599999999999,True,,/Users/huilingzhen/Desktop/0002-personal-projects/agent/atpg-based/Atalanta-Agent/results/runs/20260616-114400_candidate_history_ordering_trial2_pcitc_8b6a3dbe,/Users/huilingzhen/Desktop/0002-personal-projects/agent/atpg-based/Atalanta-Agent/results/runs/20260616-114400_candidate_history_ordering_trial2_pcitc_8b6a3dbe/pcitc.test.faulttrace.csv,/Users/huilingzhen/Desktop/0002-personal-projects/agent/atpg-based/Atalanta-Agent/results/runs/20260616-114400_candidate_history_ordering_trial2_pcitc_8b6a3dbe/pcitc.test.patterntrace.csv,/Users/huilingzhen/Desktop/0002-personal-projects/agent/atpg-based/Atalanta-Agent/results/runs/20260616-114400_candidate_history_ordering_trial2_pcitc_8b6a3dbe/pcitc.test.droptrace.csv
history_ordering,fault_to_fault_learning,Use an offline fault-to-fault profile to prioritize high-value faults and adapt per-fault backtrack budgets.,3,20260616-114406_candidate_history_ordering_trial3_pcitc_92278795,pcitc.bench,"[""-O"", ""history"", ""-F"", ""/Users/huilingzhen/Desktop/0002-personal-projects/agent/atpg-based/Atalanta-Agent/results/profiles/pcitc_fault_profile.json""]",0,True,False,,99.826,5948,6024,5948,75768,128,4,51,10.133,history,pcitc_fault_profile.json,6156,6024,12.555776892430279,11.555776892430279,17505,True,1,True,1.0,39.33269999999999,39.33269999999999,True,,/Users/huilingzhen/Desktop/0002-personal-projects/agent/atpg-based/Atalanta-Agent/results/runs/20260616-114406_candidate_history_ordering_trial3_pcitc_92278795,/Users/huilingzhen/Desktop/0002-personal-projects/agent/atpg-based/Atalanta-Agent/results/runs/20260616-114406_candidate_history_ordering_trial3_pcitc_92278795/pcitc.test.faulttrace.csv,/Users/huilingzhen/Desktop/0002-personal-projects/agent/atpg-based/Atalanta-Agent/results/runs/20260616-114406_candidate_history_ordering_trial3_pcitc_92278795/pcitc.test.patterntrace.csv,/Users/huilingzhen/Desktop/0002-personal-projects/agent/atpg-based/Atalanta-Agent/results/runs/20260616-114406_candidate_history_ordering_trial3_pcitc_92278795/pcitc.test.droptrace.csv
history_ordering,fault_to_fault_learning,Use an offline fault-to-fault profile to prioritize high-value faults and adapt per-fault backtrack budgets.,1,20260616-114412_candidate_history_ordering_trial1_destc_ef68ff34,destc.bench,"[""-O"", ""history"", ""-F"", ""/Users/huilingzhen/Desktop/0002-personal-projects/agent/atpg-based/Atalanta-Agent/results/profiles/destc_fault_profile.json""]",0,True,False,,100.0,369,399,369,295215,0,0,1,11.983,history,destc_fault_profile.json,399,399,739.8872180451128,738.8872180451128,74190,True,1,True,1.0,95.1117,95.1117,True,,/Users/huilingzhen/Desktop/0002-personal-projects/agent/atpg-based/Atalanta-Agent/results/runs/20260616-114412_candidate_history_ordering_trial1_destc_ef68ff34,/Users/huilingzhen/Desktop/0002-personal-projects/agent/atpg-based/Atalanta-Agent/results/runs/20260616-114412_candidate_history_ordering_trial1_destc_ef68ff34/destc.test.faulttrace.csv,/Users/huilingzhen/Desktop/0002-personal-projects/agent/atpg-based/Atalanta-Agent/results/runs/20260616-114412_candidate_history_ordering_trial1_destc_ef68ff34/destc.test.patterntrace.csv,/Users/huilingzhen/Desktop/0002-personal-projects/agent/atpg-based/Atalanta-Agent/results/runs/20260616-114412_candidate_history_ordering_trial1_destc_ef68ff34/destc.test.droptrace.csv
history_ordering,fault_to_fault_learning,Use an offline fault-to-fault profile to prioritize high-value faults and adapt per-fault backtrack budgets.,2,20260616-114419_candidate_history_ordering_trial2_destc_4d551d09,destc.bench,"[""-O"", ""history"", ""-F"", ""/Users/huilingzhen/Desktop/0002-personal-projects/agent/atpg-based/Atalanta-Agent/results/profiles/destc_fault_profile.json""]",0,True,False,,100.0,373,399,373,295215,0,0,1,11.917,history,destc_fault_profile.json,399,399,739.8872180451128,738.8872180451128,74190,True,1,True,1.0,95.0783,95.0783,True,,/Users/huilingzhen/Desktop/0002-personal-projects/agent/atpg-based/Atalanta-Agent/results/runs/20260616-114419_candidate_history_ordering_trial2_destc_4d551d09,/Users/huilingzhen/Desktop/0002-personal-projects/agent/atpg-based/Atalanta-Agent/results/runs/20260616-114419_candidate_history_ordering_trial2_destc_4d551d09/destc.test.faulttrace.csv,/Users/huilingzhen/Desktop/0002-personal-projects/agent/atpg-based/Atalanta-Agent/results/runs/20260616-114419_candidate_history_ordering_trial2_destc_4d551d09/destc.test.patterntrace.csv,/Users/huilingzhen/Desktop/0002-personal-projects/agent/atpg-based/Atalanta-Agent/results/runs/20260616-114419_candidate_history_ordering_trial2_destc_4d551d09/destc.test.droptrace.csv
history_ordering,fault_to_fault_learning,Use an offline fault-to-fault profile to prioritize high-value faults and adapt per-fault backtrack budgets.,3,20260616-114427_candidate_history_ordering_trial3_destc_dffedd18,destc.bench,"[""-O"", ""history"", ""-F"", ""/Users/huilingzhen/Desktop/0002-personal-projects/agent/atpg-based/Atalanta-Agent/results/profiles/destc_fault_profile.json""]",0,True,False,,100.0,370,399,370,295215,0,0,1,11.833,history,destc_fault_profile.json,399,399,739.8872180451128,738.8872180451128,74190,True,1,True,1.0,95.1167,95.1167,True,,/Users/huilingzhen/Desktop/0002-personal-projects/agent/atpg-based/Atalanta-Agent/results/runs/20260616-114427_candidate_history_ordering_trial3_destc_dffedd18,/Users/huilingzhen/Desktop/0002-personal-projects/agent/atpg-based/Atalanta-Agent/results/runs/20260616-114427_candidate_history_ordering_trial3_destc_dffedd18/destc.test.faulttrace.csv,/Users/huilingzhen/Desktop/0002-personal-projects/agent/atpg-based/Atalanta-Agent/results/runs/20260616-114427_candidate_history_ordering_trial3_destc_dffedd18/destc.test.patterntrace.csv,/Users/huilingzhen/Desktop/0002-personal-projects/agent/atpg-based/Atalanta-Agent/results/runs/20260616-114427_candidate_history_ordering_trial3_destc_dffedd18/destc.test.droptrace.csv
history_ordering,fault_to_fault_learning,Use an offline fault-to-fault profile to prioritize high-value faults and adapt per-fault backtrack budgets.,1,20260616-114434_candidate_history_ordering_trial1_DMAtc_3cba8f50,DMAtc.bench,"[""-O"", ""history"", ""-F"", ""/Users/huilingzhen/Desktop/0002-personal-projects/agent/atpg-based/Atalanta-Agent/results/profiles/DMAtc_fault_profile.json""]",0,True,False,,94.562,10757,10940,10757,77788,1988,2242,4596,24.1,history,DMAtc_fault_profile.json,15170,10940,6.723765996343693,5.723765996343693,14685,True,1,True,1.0,-15.41800000000001,-15.41800000000001,True,,/Users/huilingzhen/Desktop/0002-personal-projects/agent/atpg-based/Atalanta-Agent/results/runs/20260616-114434_candidate_history_ordering_trial1_DMAtc_3cba8f50,/Users/huilingzhen/Desktop/0002-personal-projects/agent/atpg-based/Atalanta-Agent/results/runs/20260616-114434_candidate_history_ordering_trial1_DMAtc_3cba8f50/DMAtc.test.faulttrace.csv,/Users/huilingzhen/Desktop/0002-personal-projects/agent/atpg-based/Atalanta-Agent/results/runs/20260616-114434_candidate_history_ordering_trial1_DMAtc_3cba8f50/DMAtc.test.patterntrace.csv,/Users/huilingzhen/Desktop/0002-personal-projects/agent/atpg-based/Atalanta-Agent/results/runs/20260616-114434_candidate_history_ordering_trial1_DMAtc_3cba8f50/DMAtc.test.droptrace.csv
history_ordering,fault_to_fault_learning,Use an offline fault-to-fault profile to prioritize high-value faults and adapt per-fault backtrack budgets.,2,20260616-114449_candidate_history_ordering_trial2_DMAtc_109b54f5,DMAtc.bench,"[""-O"", ""history"", ""-F"", ""/Users/huilingzhen/Desktop/0002-personal-projects/agent/atpg-based/Atalanta-Agent/results/profiles/DMAtc_fault_profile.json""]",0,True,False,,94.562,10759,10940,10759,77788,1988,2242,4596,23.95,history,DMAtc_fault_profile.json,15170,10940,6.723765996343693,5.723765996343693,14685,True,1,True,1.0,-15.423000000000005,-15.423000000000005,True,,/Users/huilingzhen/Desktop/0002-personal-projects/agent/atpg-based/Atalanta-Agent/results/runs/20260616-114449_candidate_history_ordering_trial2_DMAtc_109b54f5,/Users/huilingzhen/Desktop/0002-personal-projects/agent/atpg-based/Atalanta-Agent/results/runs/20260616-114449_candidate_history_ordering_trial2_DMAtc_109b54f5/DMAtc.test.faulttrace.csv,/Users/huilingzhen/Desktop/0002-personal-projects/agent/atpg-based/Atalanta-Agent/results/runs/20260616-114449_candidate_history_ordering_trial2_DMAtc_109b54f5/DMAtc.test.patterntrace.csv,/Users/huilingzhen/Desktop/0002-personal-projects/agent/atpg-based/Atalanta-Agent/results/runs/20260616-114449_candidate_history_ordering_trial2_DMAtc_109b54f5/DMAtc.test.droptrace.csv
history_ordering,fault_to_fault_learning,Use an offline fault-to-fault profile to prioritize high-value faults and adapt per-fault backtrack budgets.,3,20260616-114503_candidate_history_ordering_trial3_DMAtc_28c5af1c,DMAtc.bench,"[""-O"", ""history"", ""-F"", ""/Users/huilingzhen/Desktop/0002-personal-projects/agent/atpg-based/Atalanta-Agent/results/profiles/DMAtc_fault_profile.json""]",0,True,False,,94.562,10758,10940,10758,77788,1988,2242,4596,24.067,history,DMAtc_fault_profile.json,15170,10940,6.723765996343693,5.723765996343693,14685,True,1,True,1.0,-15.424700000000001,-15.424700000000001,True,,/Users/huilingzhen/Desktop/0002-personal-projects/agent/atpg-based/Atalanta-Agent/results/runs/20260616-114503_candidate_history_ordering_trial3_DMAtc_28c5af1c,/Users/huilingzhen/Desktop/0002-personal-projects/agent/atpg-based/Atalanta-Agent/results/runs/20260616-114503_candidate_history_ordering_trial3_DMAtc_28c5af1c/DMAtc.test.faulttrace.csv,/Users/huilingzhen/Desktop/0002-personal-projects/agent/atpg-based/Atalanta-Agent/results/runs/20260616-114503_candidate_history_ordering_trial3_DMAtc_28c5af1c/DMAtc.test.patterntrace.csv,/Users/huilingzhen/Desktop/0002-personal-projects/agent/atpg-based/Atalanta-Agent/results/runs/20260616-114503_candidate_history_ordering_trial3_DMAtc_28c5af1c/DMAtc.test.droptrace.csv
history_ordering_c1,fault_to_fault_learning,Combine history-based ordering with the current score-balanced compaction setting.,1,20260616-114518_candidate_history_ordering_c1_trial1_pcitc_7abe6aa7,pcitc.bench,"[""-c"", ""1"", ""-O"", ""history"", ""-F"", ""/Users/huilingzhen/Desktop/0002-personal-projects/agent/atpg-based/Atalanta-Agent/results/profiles/pcitc_fault_profile.json""]",0,True,False,,99.826,5942,6024,5942,75768,128,4,51,10.817,history,pcitc_fault_profile.json,6156,6024,12.555776892430279,11.555776892430279,17505,True,1,False,1.0,39.324299999999994,39.324299999999994,True,,/Users/huilingzhen/Desktop/0002-personal-projects/agent/atpg-based/Atalanta-Agent/results/runs/20260616-114518_candidate_history_ordering_c1_trial1_pcitc_7abe6aa7,/Users/huilingzhen/Desktop/0002-personal-projects/agent/atpg-based/Atalanta-Agent/results/runs/20260616-114518_candidate_history_ordering_c1_trial1_pcitc_7abe6aa7/pcitc.test.faulttrace.csv,/Users/huilingzhen/Desktop/0002-personal-projects/agent/atpg-based/Atalanta-Agent/results/runs/20260616-114518_candidate_history_ordering_c1_trial1_pcitc_7abe6aa7/pcitc.test.patterntrace.csv,/Users/huilingzhen/Desktop/0002-personal-projects/agent/atpg-based/Atalanta-Agent/results/runs/20260616-114518_candidate_history_ordering_c1_trial1_pcitc_7abe6aa7/pcitc.test.droptrace.csv
history_ordering_c1,fault_to_fault_learning,Combine history-based ordering with the current score-balanced compaction setting.,2,20260616-114524_candidate_history_ordering_c1_trial2_pcitc_fe6c8673,pcitc.bench,"[""-c"", ""1"", ""-O"", ""history"", ""-F"", ""/Users/huilingzhen/Desktop/0002-personal-projects/agent/atpg-based/Atalanta-Agent/results/profiles/pcitc_fault_profile.json""]",0,True,False,,99.826,5942,6024,5942,75768,128,4,51,10.917,history,pcitc_fault_profile.json,6156,6024,12.555776892430279,11.555776892430279,17505,True,1,False,1.0,39.31429999999999,39.31429999999999,True,,/Users/huilingzhen/Desktop/0002-personal-projects/agent/atpg-based/Atalanta-Agent/results/runs/20260616-114524_candidate_history_ordering_c1_trial2_pcitc_fe6c8673,/Users/huilingzhen/Desktop/0002-personal-projects/agent/atpg-based/Atalanta-Agent/results/runs/20260616-114524_candidate_history_ordering_c1_trial2_pcitc_fe6c8673/pcitc.test.faulttrace.csv,/Users/huilingzhen/Desktop/0002-personal-projects/agent/atpg-based/Atalanta-Agent/results/runs/20260616-114524_candidate_history_ordering_c1_trial2_pcitc_fe6c8673/pcitc.test.patterntrace.csv,/Users/huilingzhen/Desktop/0002-personal-projects/agent/atpg-based/Atalanta-Agent/results/runs/20260616-114524_candidate_history_ordering_c1_trial2_pcitc_fe6c8673/pcitc.test.droptrace.csv
history_ordering_c1,fault_to_fault_learning,Combine history-based ordering with the current score-balanced compaction setting.,3,20260616-114531_candidate_history_ordering_c1_trial3_pcitc_6a7e9c9f,pcitc.bench,"[""-c"", ""1"", ""-O"", ""history"", ""-F"", ""/Users/huilingzhen/Desktop/0002-personal-projects/agent/atpg-based/Atalanta-Agent/results/profiles/pcitc_fault_profile.json""]",0,True,False,,99.826,5941,6024,5941,75768,128,4,51,11.217,history,pcitc_fault_profile.json,6156,6024,12.555776892430279,11.555776892430279,17505,True,1,False,1.0,39.29429999999999,39.29429999999999,True,,/Users/huilingzhen/Desktop/0002-personal-projects/agent/atpg-based/Atalanta-Agent/results/runs/20260616-114531_candidate_history_ordering_c1_trial3_pcitc_6a7e9c9f,/Users/huilingzhen/Desktop/0002-personal-projects/agent/atpg-based/Atalanta-Agent/results/runs/20260616-114531_candidate_history_ordering_c1_trial3_pcitc_6a7e9c9f/pcitc.test.faulttrace.csv,/Users/huilingzhen/Desktop/0002-personal-projects/agent/atpg-based/Atalanta-Agent/results/runs/20260616-114531_candidate_history_ordering_c1_trial3_pcitc_6a7e9c9f/pcitc.test.patterntrace.csv,/Users/huilingzhen/Desktop/0002-personal-projects/agent/atpg-based/Atalanta-Agent/results/runs/20260616-114531_candidate_history_ordering_c1_trial3_pcitc_6a7e9c9f/pcitc.test.droptrace.csv
history_ordering_c1,fault_to_fault_learning,Combine history-based ordering with the current score-balanced compaction setting.,1,20260616-114538_candidate_history_ordering_c1_trial1_destc_0a367f61,destc.bench,"[""-c"", ""1"", ""-O"", ""history"", ""-F"", ""/Users/huilingzhen/Desktop/0002-personal-projects/agent/atpg-based/Atalanta-Agent/results/profiles/destc_fault_profile.json""]",0,True,False,,100.0,349,399,349,295215,0,0,1,16.1,history,destc_fault_profile.json,399,399,739.8872180451128,738.8872180451128,74190,True,1,False,1.0,94.9,94.9,True,,/Users/huilingzhen/Desktop/0002-personal-projects/agent/atpg-based/Atalanta-Agent/results/runs/20260616-114538_candidate_history_ordering_c1_trial1_destc_0a367f61,/Users/huilingzhen/Desktop/0002-personal-projects/agent/atpg-based/Atalanta-Agent/results/runs/20260616-114538_candidate_history_ordering_c1_trial1_destc_0a367f61/destc.test.faulttrace.csv,/Users/huilingzhen/Desktop/0002-personal-projects/agent/atpg-based/Atalanta-Agent/results/runs/20260616-114538_candidate_history_ordering_c1_trial1_destc_0a367f61/destc.test.patterntrace.csv,/Users/huilingzhen/Desktop/0002-personal-projects/agent/atpg-based/Atalanta-Agent/results/runs/20260616-114538_candidate_history_ordering_c1_trial1_destc_0a367f61/destc.test.droptrace.csv
history_ordering_c1,fault_to_fault_learning,Combine history-based ordering with the current score-balanced compaction setting.,2,20260616-114547_candidate_history_ordering_c1_trial2_destc_c2ecd72b,destc.bench,"[""-c"", ""1"", ""-O"", ""history"", ""-F"", ""/Users/huilingzhen/Desktop/0002-personal-projects/agent/atpg-based/Atalanta-Agent/results/profiles/destc_fault_profile.json""]",0,True,False,,100.0,352,399,352,295215,0,0,1,15.35,history,destc_fault_profile.json,399,399,739.8872180451128,738.8872180451128,74190,True,1,False,1.0,94.94500000000001,94.94500000000001,True,,/Users/huilingzhen/Desktop/0002-personal-projects/agent/atpg-based/Atalanta-Agent/results/runs/20260616-114547_candidate_history_ordering_c1_trial2_destc_c2ecd72b,/Users/huilingzhen/Desktop/0002-personal-projects/agent/atpg-based/Atalanta-Agent/results/runs/20260616-114547_candidate_history_ordering_c1_trial2_destc_c2ecd72b/destc.test.faulttrace.csv,/Users/huilingzhen/Desktop/0002-personal-projects/agent/atpg-based/Atalanta-Agent/results/runs/20260616-114547_candidate_history_ordering_c1_trial2_destc_c2ecd72b/destc.test.patterntrace.csv,/Users/huilingzhen/Desktop/0002-personal-projects/agent/atpg-based/Atalanta-Agent/results/runs/20260616-114547_candidate_history_ordering_c1_trial2_destc_c2ecd72b/destc.test.droptrace.csv
history_ordering_c1,fault_to_fault_learning,Combine history-based ordering with the current score-balanced compaction setting.,3,20260616-114557_candidate_history_ordering_c1_trial3_destc_e87763b2,destc.bench,"[""-c"", ""1"", ""-O"", ""history"", ""-F"", ""/Users/huilingzhen/Desktop/0002-personal-projects/agent/atpg-based/Atalanta-Agent/results/profiles/destc_fault_profile.json""]",0,True,False,,100.0,356,399,356,295215,0,0,1,15.8,history,destc_fault_profile.json,399,399,739.8872180451128,738.8872180451128,74190,True,1,False,1.0,94.86,94.86,True,,/Users/huilingzhen/Desktop/0002-personal-projects/agent/atpg-based/Atalanta-Agent/results/runs/20260616-114557_candidate_history_ordering_c1_trial3_destc_e87763b2,/Users/huilingzhen/Desktop/0002-personal-projects/agent/atpg-based/Atalanta-Agent/results/runs/20260616-114557_candidate_history_ordering_c1_trial3_destc_e87763b2/destc.test.faulttrace.csv,/Users/huilingzhen/Desktop/0002-personal-projects/agent/atpg-based/Atalanta-Agent/results/runs/20260616-114557_candidate_history_ordering_c1_trial3_destc_e87763b2/destc.test.patterntrace.csv,/Users/huilingzhen/Desktop/0002-personal-projects/agent/atpg-based/Atalanta-Agent/results/runs/20260616-114557_candidate_history_ordering_c1_trial3_destc_e87763b2/destc.test.droptrace.csv
history_ordering_c1,fault_to_fault_learning,Combine history-based ordering with the current score-balanced compaction setting.,1,20260616-114606_candidate_history_ordering_c1_trial1_DMAtc_135620b7,DMAtc.bench,"[""-c"", ""1"", ""-O"", ""history"", ""-F"", ""/Users/huilingzhen/Desktop/0002-personal-projects/agent/atpg-based/Atalanta-Agent/results/profiles/DMAtc_fault_profile.json""]",0,True,False,,94.562,10740,10940,10740,77788,1988,2242,4596,27.183,history,DMAtc_fault_profile.json,15170,10940,6.723765996343693,5.723765996343693,14685,True,1,False,1.0,-15.556300000000007,-15.556300000000007,True,,/Users/huilingzhen/Desktop/0002-personal-projects/agent/atpg-based/Atalanta-Agent/results/runs/20260616-114606_candidate_history_ordering_c1_trial1_DMAtc_135620b7,/Users/huilingzhen/Desktop/0002-personal-projects/agent/atpg-based/Atalanta-Agent/results/runs/20260616-114606_candidate_history_ordering_c1_trial1_DMAtc_135620b7/DMAtc.test.faulttrace.csv,/Users/huilingzhen/Desktop/0002-personal-projects/agent/atpg-based/Atalanta-Agent/results/runs/20260616-114606_candidate_history_ordering_c1_trial1_DMAtc_135620b7/DMAtc.test.patterntrace.csv,/Users/huilingzhen/Desktop/0002-personal-projects/agent/atpg-based/Atalanta-Agent/results/runs/20260616-114606_candidate_history_ordering_c1_trial1_DMAtc_135620b7/DMAtc.test.droptrace.csv
history_ordering_c1,fault_to_fault_learning,Combine history-based ordering with the current score-balanced compaction setting.,2,20260616-114623_candidate_history_ordering_c1_trial2_DMAtc_59c79371,DMAtc.bench,"[""-c"", ""1"", ""-O"", ""history"", ""-F"", ""/Users/huilingzhen/Desktop/0002-personal-projects/agent/atpg-based/Atalanta-Agent/results/profiles/DMAtc_fault_profile.json""]",0,True,False,,94.562,10739,10940,10739,77788,1988,2242,4596,27.167,history,DMAtc_fault_profile.json,15170,10940,6.723765996343693,5.723765996343693,14685,True,1,False,1.0,-15.544700000000002,-15.544700000000002,True,,/Users/huilingzhen/Desktop/0002-personal-projects/agent/atpg-based/Atalanta-Agent/results/runs/20260616-114623_candidate_history_ordering_c1_trial2_DMAtc_59c79371,/Users/huilingzhen/Desktop/0002-personal-projects/agent/atpg-based/Atalanta-Agent/results/runs/20260616-114623_candidate_history_ordering_c1_trial2_DMAtc_59c79371/DMAtc.test.faulttrace.csv,/Users/huilingzhen/Desktop/0002-personal-projects/agent/atpg-based/Atalanta-Agent/results/runs/20260616-114623_candidate_history_ordering_c1_trial2_DMAtc_59c79371/DMAtc.test.patterntrace.csv,/Users/huilingzhen/Desktop/0002-personal-projects/agent/atpg-based/Atalanta-Agent/results/runs/20260616-114623_candidate_history_ordering_c1_trial2_DMAtc_59c79371/DMAtc.test.droptrace.csv
history_ordering_c1,fault_to_fault_learning,Combine history-based ordering with the current score-balanced compaction setting.,3,20260616-114639_candidate_history_ordering_c1_trial3_DMAtc_397dd747,DMAtc.bench,"[""-c"", ""1"", ""-O"", ""history"", ""-F"", ""/Users/huilingzhen/Desktop/0002-personal-projects/agent/atpg-based/Atalanta-Agent/results/profiles/DMAtc_fault_profile.json""]",0,True,False,,94.562,10740,10940,10740,77788,1988,2242,4596,26.433,history,DMAtc_fault_profile.json,15170,10940,6.723765996343693,5.723765996343693,14685,True,1,False,1.0,-15.481300000000008,-15.481300000000008,True,,/Users/huilingzhen/Desktop/0002-personal-projects/agent/atpg-based/Atalanta-Agent/results/runs/20260616-114639_candidate_history_ordering_c1_trial3_DMAtc_397dd747,/Users/huilingzhen/Desktop/0002-personal-projects/agent/atpg-based/Atalanta-Agent/results/runs/20260616-114639_candidate_history_ordering_c1_trial3_DMAtc_397dd747/DMAtc.test.faulttrace.csv,/Users/huilingzhen/Desktop/0002-personal-projects/agent/atpg-based/Atalanta-Agent/results/runs/20260616-114639_candidate_history_ordering_c1_trial3_DMAtc_397dd747/DMAtc.test.patterntrace.csv,/Users/huilingzhen/Desktop/0002-personal-projects/agent/atpg-based/Atalanta-Agent/results/runs/20260616-114639_candidate_history_ordering_c1_trial3_DMAtc_397dd747/DMAtc.test.droptrace.csv
stem_first_reference,fault_to_fault_learning,Reference ordering baseline from the first fault-ordering experiment.,1,20260616-114655_candidate_stem_first_reference_trial1_pcitc_8a1480fd,pcitc.bench,"[""-O"", ""stem""]",0,True,False,,99.826,5922,6955,5922,75768,131,1,101,11.667,stem,,7089,6955,10.875053918044573,9.875053918044573,17583,True,1,True,1.0,39.439299999999996,39.439299999999996,True,,/Users/huilingzhen/Desktop/0002-personal-projects/agent/atpg-based/Atalanta-Agent/results/runs/20260616-114655_candidate_stem_first_reference_trial1_pcitc_8a1480fd,/Users/huilingzhen/Desktop/0002-personal-projects/agent/atpg-based/Atalanta-Agent/results/runs/20260616-114655_candidate_stem_first_reference_trial1_pcitc_8a1480fd/pcitc.test.faulttrace.csv,/Users/huilingzhen/Desktop/0002-personal-projects/agent/atpg-based/Atalanta-Agent/results/runs/20260616-114655_candidate_stem_first_reference_trial1_pcitc_8a1480fd/pcitc.test.patterntrace.csv,/Users/huilingzhen/Desktop/0002-personal-projects/agent/atpg-based/Atalanta-Agent/results/runs/20260616-114655_candidate_stem_first_reference_trial1_pcitc_8a1480fd/pcitc.test.droptrace.csv
stem_first_reference,fault_to_fault_learning,Reference ordering baseline from the first fault-ordering experiment.,2,20260616-114702_candidate_stem_first_reference_trial2_pcitc_a7d67adb,pcitc.bench,"[""-O"", ""stem""]",0,True,False,,99.826,5921,6955,5921,75768,131,1,101,11.667,stem,,7089,6955,10.875053918044573,9.875053918044573,17583,True,1,True,1.0,39.449299999999994,39.449299999999994,True,,/Users/huilingzhen/Desktop/0002-personal-projects/agent/atpg-based/Atalanta-Agent/results/runs/20260616-114702_candidate_stem_first_reference_trial2_pcitc_a7d67adb,/Users/huilingzhen/Desktop/0002-personal-projects/agent/atpg-based/Atalanta-Agent/results/runs/20260616-114702_candidate_stem_first_reference_trial2_pcitc_a7d67adb/pcitc.test.faulttrace.csv,/Users/huilingzhen/Desktop/0002-personal-projects/agent/atpg-based/Atalanta-Agent/results/runs/20260616-114702_candidate_stem_first_reference_trial2_pcitc_a7d67adb/pcitc.test.patterntrace.csv,/Users/huilingzhen/Desktop/0002-personal-projects/agent/atpg-based/Atalanta-Agent/results/runs/20260616-114702_candidate_stem_first_reference_trial2_pcitc_a7d67adb/pcitc.test.droptrace.csv
stem_first_reference,fault_to_fault_learning,Reference ordering baseline from the first fault-ordering experiment.,3,20260616-114709_candidate_stem_first_reference_trial3_pcitc_6199d547,pcitc.bench,"[""-O"", ""stem""]",0,True,False,,99.826,5921,6955,5921,75768,131,1,101,11.917,stem,,7089,6955,10.875053918044573,9.875053918044573,17583,True,1,True,1.0,39.424299999999995,39.424299999999995,True,,/Users/huilingzhen/Desktop/0002-personal-projects/agent/atpg-based/Atalanta-Agent/results/runs/20260616-114709_candidate_stem_first_reference_trial3_pcitc_6199d547,/Users/huilingzhen/Desktop/0002-personal-projects/agent/atpg-based/Atalanta-Agent/results/runs/20260616-114709_candidate_stem_first_reference_trial3_pcitc_6199d547/pcitc.test.faulttrace.csv,/Users/huilingzhen/Desktop/0002-personal-projects/agent/atpg-based/Atalanta-Agent/results/runs/20260616-114709_candidate_stem_first_reference_trial3_pcitc_6199d547/pcitc.test.patterntrace.csv,/Users/huilingzhen/Desktop/0002-personal-projects/agent/atpg-based/Atalanta-Agent/results/runs/20260616-114709_candidate_stem_first_reference_trial3_pcitc_6199d547/pcitc.test.droptrace.csv
stem_first_reference,fault_to_fault_learning,Reference ordering baseline from the first fault-ordering experiment.,1,20260616-114716_candidate_stem_first_reference_trial1_destc_99819044,destc.bench,"[""-O"", ""stem""]",0,True,False,,100.0,393,485,393,295215,0,0,0,12.85,stem,,485,485,608.6907216494845,607.6907216494845,73418,True,1,True,1.0,94.785,94.785,True,,/Users/huilingzhen/Desktop/0002-personal-projects/agent/atpg-based/Atalanta-Agent/results/runs/20260616-114716_candidate_stem_first_reference_trial1_destc_99819044,/Users/huilingzhen/Desktop/0002-personal-projects/agent/atpg-based/Atalanta-Agent/results/runs/20260616-114716_candidate_stem_first_reference_trial1_destc_99819044/destc.test.faulttrace.csv,/Users/huilingzhen/Desktop/0002-personal-projects/agent/atpg-based/Atalanta-Agent/results/runs/20260616-114716_candidate_stem_first_reference_trial1_destc_99819044/destc.test.patterntrace.csv,/Users/huilingzhen/Desktop/0002-personal-projects/agent/atpg-based/Atalanta-Agent/results/runs/20260616-114716_candidate_stem_first_reference_trial1_destc_99819044/destc.test.droptrace.csv
stem_first_reference,fault_to_fault_learning,Reference ordering baseline from the first fault-ordering experiment.,2,20260616-114724_candidate_stem_first_reference_trial2_destc_21eb696b,destc.bench,"[""-O"", ""stem""]",0,True,False,,100.0,391,485,391,295215,0,0,0,14.517,stem,,485,485,608.6907216494845,607.6907216494845,73418,True,1,True,1.0,94.6383,94.6383,True,,/Users/huilingzhen/Desktop/0002-personal-projects/agent/atpg-based/Atalanta-Agent/results/runs/20260616-114724_candidate_stem_first_reference_trial2_destc_21eb696b,/Users/huilingzhen/Desktop/0002-personal-projects/agent/atpg-based/Atalanta-Agent/results/runs/20260616-114724_candidate_stem_first_reference_trial2_destc_21eb696b/destc.test.faulttrace.csv,/Users/huilingzhen/Desktop/0002-personal-projects/agent/atpg-based/Atalanta-Agent/results/runs/20260616-114724_candidate_stem_first_reference_trial2_destc_21eb696b/destc.test.patterntrace.csv,/Users/huilingzhen/Desktop/0002-personal-projects/agent/atpg-based/Atalanta-Agent/results/runs/20260616-114724_candidate_stem_first_reference_trial2_destc_21eb696b/destc.test.droptrace.csv
stem_first_reference,fault_to_fault_learning,Reference ordering baseline from the first fault-ordering experiment.,3,20260616-114733_candidate_stem_first_reference_trial3_destc_20b84930,destc.bench,"[""-O"", ""stem""]",0,True,False,,100.0,394,485,394,295215,0,0,0,13.633,stem,,485,485,608.6907216494845,607.6907216494845,73418,True,1,True,1.0,94.6967,94.6967,True,,/Users/huilingzhen/Desktop/0002-personal-projects/agent/atpg-based/Atalanta-Agent/results/runs/20260616-114733_candidate_stem_first_reference_trial3_destc_20b84930,/Users/huilingzhen/Desktop/0002-personal-projects/agent/atpg-based/Atalanta-Agent/results/runs/20260616-114733_candidate_stem_first_reference_trial3_destc_20b84930/destc.test.faulttrace.csv,/Users/huilingzhen/Desktop/0002-personal-projects/agent/atpg-based/Atalanta-Agent/results/runs/20260616-114733_candidate_stem_first_reference_trial3_destc_20b84930/destc.test.patterntrace.csv,/Users/huilingzhen/Desktop/0002-personal-projects/agent/atpg-based/Atalanta-Agent/results/runs/20260616-114733_candidate_stem_first_reference_trial3_destc_20b84930/destc.test.droptrace.csv
stem_first_reference,fault_to_fault_learning,Reference ordering baseline from the first fault-ordering experiment.,1,20260616-114741_candidate_stem_first_reference_trial1_DMAtc_60e01a47,DMAtc.bench,"[""-O"", ""stem""]",0,True,False,,94.569,10766,12283,10766,77788,2071,2154,24661,33.6,stem,,16518,12283,5.989009199706912,4.989009199706912,15060,True,1,True,1.0,-16.450999999999993,-16.450999999999993,True,,/Users/huilingzhen/Desktop/0002-personal-projects/agent/atpg-based/Atalanta-Agent/results/runs/20260616-114741_candidate_stem_first_reference_trial1_DMAtc_60e01a47,/Users/huilingzhen/Desktop/0002-personal-projects/agent/atpg-based/Atalanta-Agent/results/runs/20260616-114741_candidate_stem_first_reference_trial1_DMAtc_60e01a47/DMAtc.test.faulttrace.csv,/Users/huilingzhen/Desktop/0002-personal-projects/agent/atpg-based/Atalanta-Agent/results/runs/20260616-114741_candidate_stem_first_reference_trial1_DMAtc_60e01a47/DMAtc.test.patterntrace.csv,/Users/huilingzhen/Desktop/0002-personal-projects/agent/atpg-based/Atalanta-Agent/results/runs/20260616-114741_candidate_stem_first_reference_trial1_DMAtc_60e01a47/DMAtc.test.droptrace.csv
stem_first_reference,fault_to_fault_learning,Reference ordering baseline from the first fault-ordering experiment.,2,20260616-114802_candidate_stem_first_reference_trial2_DMAtc_4f1740c2,DMAtc.bench,"[""-O"", ""stem""]",0,True,False,,94.569,10757,12283,10757,77788,2071,2154,24661,34.033,stem,,16518,12283,5.989009199706912,4.989009199706912,15060,True,1,True,1.0,-16.404300000000006,-16.404300000000006,True,,/Users/huilingzhen/Desktop/0002-personal-projects/agent/atpg-based/Atalanta-Agent/results/runs/20260616-114802_candidate_stem_first_reference_trial2_DMAtc_4f1740c2,/Users/huilingzhen/Desktop/0002-personal-projects/agent/atpg-based/Atalanta-Agent/results/runs/20260616-114802_candidate_stem_first_reference_trial2_DMAtc_4f1740c2/DMAtc.test.faulttrace.csv,/Users/huilingzhen/Desktop/0002-personal-projects/agent/atpg-based/Atalanta-Agent/results/runs/20260616-114802_candidate_stem_first_reference_trial2_DMAtc_4f1740c2/DMAtc.test.patterntrace.csv,/Users/huilingzhen/Desktop/0002-personal-projects/agent/atpg-based/Atalanta-Agent/results/runs/20260616-114802_candidate_stem_first_reference_trial2_DMAtc_4f1740c2/DMAtc.test.droptrace.csv
stem_first_reference,fault_to_fault_learning,Reference ordering baseline from the first fault-ordering experiment.,3,20260616-114822_candidate_stem_first_reference_trial3_DMAtc_813181c1,DMAtc.bench,"[""-O"", ""stem""]",0,True,False,,94.569,10758,12283,10758,77788,2071,2154,24661,33.467,stem,,16518,12283,5.989009199706912,4.989009199706912,15060,True,1,True,1.0,-16.357699999999994,-16.357699999999994,True,,/Users/huilingzhen/Desktop/0002-personal-projects/agent/atpg-based/Atalanta-Agent/results/runs/20260616-114822_candidate_stem_first_reference_trial3_DMAtc_813181c1,/Users/huilingzhen/Desktop/0002-personal-projects/agent/atpg-based/Atalanta-Agent/results/runs/20260616-114822_candidate_stem_first_reference_trial3_DMAtc_813181c1/DMAtc.test.faulttrace.csv,/Users/huilingzhen/Desktop/0002-personal-projects/agent/atpg-based/Atalanta-Agent/results/runs/20260616-114822_candidate_stem_first_reference_trial3_DMAtc_813181c1/DMAtc.test.patterntrace.csv,/Users/huilingzhen/Desktop/0002-personal-projects/agent/atpg-based/Atalanta-Agent/results/runs/20260616-114822_candidate_stem_first_reference_trial3_DMAtc_813181c1/DMAtc.test.droptrace.csv
adaptive_c1_stem_reference,fault_to_fault_learning,Reference stem ordering with the current score-balanced compaction setting.,1,20260616-114843_candidate_adaptive_c1_stem_reference_trial1_pcitc_b3ca59ca,pcitc.bench,"[""-c"", ""1"", ""-O"", ""stem""]",0,True,False,,99.826,5912,6955,5912,75768,131,1,101,12.8,stem,,7089,6955,10.875053918044573,9.875053918044573,17583,True,1,False,1.0,39.42599999999999,39.42599999999999,True,,/Users/huilingzhen/Desktop/0002-personal-projects/agent/atpg-based/Atalanta-Agent/results/runs/20260616-114843_candidate_adaptive_c1_stem_reference_trial1_pcitc_b3ca59ca,/Users/huilingzhen/Desktop/0002-personal-projects/agent/atpg-based/Atalanta-Agent/results/runs/20260616-114843_candidate_adaptive_c1_stem_reference_trial1_pcitc_b3ca59ca/pcitc.test.faulttrace.csv,/Users/huilingzhen/Desktop/0002-personal-projects/agent/atpg-based/Atalanta-Agent/results/runs/20260616-114843_candidate_adaptive_c1_stem_reference_trial1_pcitc_b3ca59ca/pcitc.test.patterntrace.csv,/Users/huilingzhen/Desktop/0002-personal-projects/agent/atpg-based/Atalanta-Agent/results/runs/20260616-114843_candidate_adaptive_c1_stem_reference_trial1_pcitc_b3ca59ca/pcitc.test.droptrace.csv
adaptive_c1_stem_reference,fault_to_fault_learning,Reference stem ordering with the current score-balanced compaction setting.,2,20260616-114850_candidate_adaptive_c1_stem_reference_trial2_pcitc_6df993c7,pcitc.bench,"[""-c"", ""1"", ""-O"", ""stem""]",0,True,False,,99.826,5910,6955,5910,75768,131,1,101,12.917,stem,,7089,6955,10.875053918044573,9.875053918044573,17583,True,1,False,1.0,39.43429999999999,39.43429999999999,True,,/Users/huilingzhen/Desktop/0002-personal-projects/agent/atpg-based/Atalanta-Agent/results/runs/20260616-114850_candidate_adaptive_c1_stem_reference_trial2_pcitc_6df993c7,/Users/huilingzhen/Desktop/0002-personal-projects/agent/atpg-based/Atalanta-Agent/results/runs/20260616-114850_candidate_adaptive_c1_stem_reference_trial2_pcitc_6df993c7/pcitc.test.faulttrace.csv,/Users/huilingzhen/Desktop/0002-personal-projects/agent/atpg-based/Atalanta-Agent/results/runs/20260616-114850_candidate_adaptive_c1_stem_reference_trial2_pcitc_6df993c7/pcitc.test.patterntrace.csv,/Users/huilingzhen/Desktop/0002-personal-projects/agent/atpg-based/Atalanta-Agent/results/runs/20260616-114850_candidate_adaptive_c1_stem_reference_trial2_pcitc_6df993c7/pcitc.test.droptrace.csv
adaptive_c1_stem_reference,fault_to_fault_learning,Reference stem ordering with the current score-balanced compaction setting.,3,20260616-114858_candidate_adaptive_c1_stem_reference_trial3_pcitc_f69eb7a2,pcitc.bench,"[""-c"", ""1"", ""-O"", ""stem""]",0,True,False,,99.826,5910,6955,5910,75768,131,1,101,13.033,stem,,7089,6955,10.875053918044573,9.875053918044573,17583,True,1,False,1.0,39.42269999999999,39.42269999999999,True,,/Users/huilingzhen/Desktop/0002-personal-projects/agent/atpg-based/Atalanta-Agent/results/runs/20260616-114858_candidate_adaptive_c1_stem_reference_trial3_pcitc_f69eb7a2,/Users/huilingzhen/Desktop/0002-personal-projects/agent/atpg-based/Atalanta-Agent/results/runs/20260616-114858_candidate_adaptive_c1_stem_reference_trial3_pcitc_f69eb7a2/pcitc.test.faulttrace.csv,/Users/huilingzhen/Desktop/0002-personal-projects/agent/atpg-based/Atalanta-Agent/results/runs/20260616-114858_candidate_adaptive_c1_stem_reference_trial3_pcitc_f69eb7a2/pcitc.test.patterntrace.csv,/Users/huilingzhen/Desktop/0002-personal-projects/agent/atpg-based/Atalanta-Agent/results/runs/20260616-114858_candidate_adaptive_c1_stem_reference_trial3_pcitc_f69eb7a2/pcitc.test.droptrace.csv
adaptive_c1_stem_reference,fault_to_fault_learning,Reference stem ordering with the current score-balanced compaction setting.,1,20260616-114906_candidate_adaptive_c1_stem_reference_trial1_destc_15b3a392,destc.bench,"[""-c"", ""1"", ""-O"", ""stem""]",0,True,False,,100.0,369,485,369,295215,0,0,0,16.2,stem,,485,485,608.6907216494845,607.6907216494845,73418,True,1,False,1.0,94.69,94.69,True,,/Users/huilingzhen/Desktop/0002-personal-projects/agent/atpg-based/Atalanta-Agent/results/runs/20260616-114906_candidate_adaptive_c1_stem_reference_trial1_destc_15b3a392,/Users/huilingzhen/Desktop/0002-personal-projects/agent/atpg-based/Atalanta-Agent/results/runs/20260616-114906_candidate_adaptive_c1_stem_reference_trial1_destc_15b3a392/destc.test.faulttrace.csv,/Users/huilingzhen/Desktop/0002-personal-projects/agent/atpg-based/Atalanta-Agent/results/runs/20260616-114906_candidate_adaptive_c1_stem_reference_trial1_destc_15b3a392/destc.test.patterntrace.csv,/Users/huilingzhen/Desktop/0002-personal-projects/agent/atpg-based/Atalanta-Agent/results/runs/20260616-114906_candidate_adaptive_c1_stem_reference_trial1_destc_15b3a392/destc.test.droptrace.csv
adaptive_c1_stem_reference,fault_to_fault_learning,Reference stem ordering with the current score-balanced compaction setting.,2,20260616-114916_candidate_adaptive_c1_stem_reference_trial2_destc_34d9dcea,destc.bench,"[""-c"", ""1"", ""-O"", ""stem""]",0,True,False,,100.0,363,485,363,295215,0,0,0,18.983,stem,,485,485,608.6907216494845,607.6907216494845,73418,True,1,False,1.0,94.4717,94.4717,True,,/Users/huilingzhen/Desktop/0002-personal-projects/agent/atpg-based/Atalanta-Agent/results/runs/20260616-114916_candidate_adaptive_c1_stem_reference_trial2_destc_34d9dcea,/Users/huilingzhen/Desktop/0002-personal-projects/agent/atpg-based/Atalanta-Agent/results/runs/20260616-114916_candidate_adaptive_c1_stem_reference_trial2_destc_34d9dcea/destc.test.faulttrace.csv,/Users/huilingzhen/Desktop/0002-personal-projects/agent/atpg-based/Atalanta-Agent/results/runs/20260616-114916_candidate_adaptive_c1_stem_reference_trial2_destc_34d9dcea/destc.test.patterntrace.csv,/Users/huilingzhen/Desktop/0002-personal-projects/agent/atpg-based/Atalanta-Agent/results/runs/20260616-114916_candidate_adaptive_c1_stem_reference_trial2_destc_34d9dcea/destc.test.droptrace.csv
adaptive_c1_stem_reference,fault_to_fault_learning,Reference stem ordering with the current score-balanced compaction setting.,3,20260616-114927_candidate_adaptive_c1_stem_reference_trial3_destc_48604a95,destc.bench,"[""-c"", ""1"", ""-O"", ""stem""]",0,True,False,,100.0,356,485,356,295215,0,0,0,22.95,stem,,485,485,608.6907216494845,607.6907216494845,73418,True,1,False,1.0,94.145,94.145,True,,/Users/huilingzhen/Desktop/0002-personal-projects/agent/atpg-based/Atalanta-Agent/results/runs/20260616-114927_candidate_adaptive_c1_stem_reference_trial3_destc_48604a95,/Users/huilingzhen/Desktop/0002-personal-projects/agent/atpg-based/Atalanta-Agent/results/runs/20260616-114927_candidate_adaptive_c1_stem_reference_trial3_destc_48604a95/destc.test.faulttrace.csv,/Users/huilingzhen/Desktop/0002-personal-projects/agent/atpg-based/Atalanta-Agent/results/runs/20260616-114927_candidate_adaptive_c1_stem_reference_trial3_destc_48604a95/destc.test.patterntrace.csv,/Users/huilingzhen/Desktop/0002-personal-projects/agent/atpg-based/Atalanta-Agent/results/runs/20260616-114927_candidate_adaptive_c1_stem_reference_trial3_destc_48604a95/destc.test.droptrace.csv
adaptive_c1_stem_reference,fault_to_fault_learning,Reference stem ordering with the current score-balanced compaction setting.,1,20260616-114941_candidate_adaptive_c1_stem_reference_trial1_DMAtc_e6d30e8f,DMAtc.bench,"[""-c"", ""1"", ""-O"", ""stem""]",0,True,False,,94.569,10714,12283,10714,77788,2071,2154,24661,36.683,stem,,16518,12283,5.989009199706912,4.989009199706912,15060,True,1,False,1.0,-16.2393,-16.2393,True,,/Users/huilingzhen/Desktop/0002-personal-projects/agent/atpg-based/Atalanta-Agent/results/runs/20260616-114941_candidate_adaptive_c1_stem_reference_trial1_DMAtc_e6d30e8f,/Users/huilingzhen/Desktop/0002-personal-projects/agent/atpg-based/Atalanta-Agent/results/runs/20260616-114941_candidate_adaptive_c1_stem_reference_trial1_DMAtc_e6d30e8f/DMAtc.test.faulttrace.csv,/Users/huilingzhen/Desktop/0002-personal-projects/agent/atpg-based/Atalanta-Agent/results/runs/20260616-114941_candidate_adaptive_c1_stem_reference_trial1_DMAtc_e6d30e8f/DMAtc.test.patterntrace.csv,/Users/huilingzhen/Desktop/0002-personal-projects/agent/atpg-based/Atalanta-Agent/results/runs/20260616-114941_candidate_adaptive_c1_stem_reference_trial1_DMAtc_e6d30e8f/DMAtc.test.droptrace.csv
adaptive_c1_stem_reference,fault_to_fault_learning,Reference stem ordering with the current score-balanced compaction setting.,2,20260616-115004_candidate_adaptive_c1_stem_reference_trial2_DMAtc_46695d24,DMAtc.bench,"[""-c"", ""1"", ""-O"", ""stem""]",0,True,False,,94.569,10717,12283,10717,77788,2071,2154,24661,37.367,stem,,16518,12283,5.989009199706912,4.989009199706912,15060,True,1,False,1.0,-16.337699999999998,-16.337699999999998,True,,/Users/huilingzhen/Desktop/0002-personal-projects/agent/atpg-based/Atalanta-Agent/results/runs/20260616-115004_candidate_adaptive_c1_stem_reference_trial2_DMAtc_46695d24,/Users/huilingzhen/Desktop/0002-personal-projects/agent/atpg-based/Atalanta-Agent/results/runs/20260616-115004_candidate_adaptive_c1_stem_reference_trial2_DMAtc_46695d24/DMAtc.test.faulttrace.csv,/Users/huilingzhen/Desktop/0002-personal-projects/agent/atpg-based/Atalanta-Agent/results/runs/20260616-115004_candidate_adaptive_c1_stem_reference_trial2_DMAtc_46695d24/DMAtc.test.patterntrace.csv,/Users/huilingzhen/Desktop/0002-personal-projects/agent/atpg-based/Atalanta-Agent/results/runs/20260616-115004_candidate_adaptive_c1_stem_reference_trial2_DMAtc_46695d24/DMAtc.test.droptrace.csv
adaptive_c1_stem_reference,fault_to_fault_learning,Reference stem ordering with the current score-balanced compaction setting.,3,20260616-115026_candidate_adaptive_c1_stem_reference_trial3_DMAtc_a44bdc79,DMAtc.bench,"[""-c"", ""1"", ""-O"", ""stem""]",0,True,False,,94.569,10715,12283,10715,77788,2071,2154,24661,37.55,stem,,16518,12283,5.989009199706912,4.989009199706912,15060,True,1,False,1.0,-16.336000000000002,-16.336000000000002,True,,/Users/huilingzhen/Desktop/0002-personal-projects/agent/atpg-based/Atalanta-Agent/results/runs/20260616-115026_candidate_adaptive_c1_stem_reference_trial3_DMAtc_a44bdc79,/Users/huilingzhen/Desktop/0002-personal-projects/agent/atpg-based/Atalanta-Agent/results/runs/20260616-115026_candidate_adaptive_c1_stem_reference_trial3_DMAtc_a44bdc79/DMAtc.test.faulttrace.csv,/Users/huilingzhen/Desktop/0002-personal-projects/agent/atpg-based/Atalanta-Agent/results/runs/20260616-115026_candidate_adaptive_c1_stem_reference_trial3_DMAtc_a44bdc79/DMAtc.test.patterntrace.csv,/Users/huilingzhen/Desktop/0002-personal-projects/agent/atpg-based/Atalanta-Agent/results/runs/20260616-115026_candidate_adaptive_c1_stem_reference_trial3_DMAtc_a44bdc79/DMAtc.test.droptrace.csv
